,State,Age,G,GS,MP,FG,FGA,FG%,3P,3PA,3P%,2P,2PA,2P%,eFG%,FT,FTA,FT%,ORB,DRB,TRB,AST,STL,BLK,TOV,PF,PTS,PER,TS%,3PAr,FTr,ORB%,DRB%,TRB%,AST%,STL%,BLK%,TOV%,USG%,OWS,DWS,WS,WS/48,OBPM,DBPM,BPM,VORP,Rank_in_Age,Rank_in_G,Rank_in_GS,Rank_in_MP,Rank_in_FG,Rank_in_FGA,Rank_in_FG%,Rank_in_3P,Rank_in_3PA,Rank_in_3P%,Rank_in_2P,Rank_in_2PA,Rank_in_2P%,Rank_in_eFG%,Rank_in_FT,Rank_in_FTA,Rank_in_FT%,Rank_in_ORB,Rank_in_DRB,Rank_in_TRB,Rank_in_AST,Rank_in_STL,Rank_in_BLK,Rank_in_TOV,Rank_in_PF,Rank_in_PTS,Rank_in_PER,Rank_in_TS%,Rank_in_3PAr,Rank_in_FTr,Rank_in_ORB%,Rank_in_DRB%,Rank_in_TRB%,Rank_in_AST%,Rank_in_STL%,Rank_in_BLK%,Rank_in_TOV%,Rank_in_USG%,Rank_in_OWS,Rank_in_DWS,Rank_in_WS,Rank_in_WS/48,Rank_in_OBPM,Rank_in_DBPM,Rank_in_BPM,Rank_in_VORP,Percentile_in_Age,Percentile_in_G,Percentile_in_GS,Percentile_in_MP,Percentile_in_FG,Percentile_in_FGA,Percentile_in_FG%,Percentile_in_3P,Percentile_in_3PA,Percentile_in_3P%,Percentile_in_2P,Percentile_in_2PA,Percentile_in_2P%,Percentile_in_eFG%,Percentile_in_FT,Percentile_in_FTA,Percentile_in_FT%,Percentile_in_ORB,Percentile_in_DRB,Percentile_in_TRB,Percentile_in_AST,Percentile_in_STL,Percentile_in_BLK,Percentile_in_TOV,Percentile_in_PF,Percentile_in_PTS,Percentile_in_PER,Percentile_in_TS%,Percentile_in_3PAr,Percentile_in_FTr,Percentile_in_ORB%,Percentile_in_DRB%,Percentile_in_TRB%,Percentile_in_AST%,Percentile_in_STL%,Percentile_in_BLK%,Percentile_in_TOV%,Percentile_in_USG%,Percentile_in_OWS,Percentile_in_DWS,Percentile_in_WS,Percentile_in_WS/48,Percentile_in_OBPM,Percentile_in_DBPM,Percentile_in_BPM,Percentile_in_VORP,Baller_Counts
0,Alabama,28,361,207,18.51,2.75,6.02,0.44,0.72,2.1,0.26,2.03,3.92,0.49,0.49,1.51,2.1,0.71,0.97,2.71,3.69,1.83,0.72,0.41,1.24,2.01,7.74,12.72,0.54,0.32,0.44,5.88,16.32,11.1,14.65,1.89,1.93,16.05,17.8,0.79,0.82,1.63,0.07,-2.11,-0.21,-2.33,0.43,2,8,3,27,27,30,19,28,27,36,24,27,28,23,12,7,26,6,15,12,18,9,17,11,9,24,16,14,36,2,4,8,7,10,6,13,3,22,25,27,25,19,30,21,25,18,95.24,80.95,92.86,35.71,35.71,28.57,54.76,33.33,35.71,14.29,42.86,35.71,33.33,45.24,71.43,83.33,38.1,85.71,64.29,71.43,57.14,78.57,59.52,73.81,78.57,42.86,61.9,66.67,14.29,95.24,90.48,80.95,83.33,76.19,85.71,69.05,92.86,47.62,40.48,35.71,40.48,54.76,28.57,50.0,40.48,57.14,5
1,Arizona,22,68,17,18.02,2.63,6.11,0.45,0.59,1.91,0.24,2.07,4.19,0.5,0.5,0.99,1.37,0.56,0.93,2.4,3.33,0.97,0.63,0.47,0.93,1.95,6.84,10.01,0.52,0.35,0.19,4.9,14.17,9.49,8.48,1.73,2.09,14.51,16.6,-0.0,0.76,0.78,0.04,-3.49,-0.07,-3.56,-0.1,41,41,39,29,30,27,16,35,34,39,22,23,17,19,27,27,38,8,22,17,36,18,8,26,10,30,37,27,31,32,12,21,20,36,13,9,9,34,39,29,38,37,40,15,37,40,2.38,2.38,7.14,30.95,28.57,35.71,61.9,16.67,19.05,7.14,47.62,45.24,59.52,54.76,35.71,35.71,9.52,80.95,47.62,59.52,14.29,57.14,80.95,38.1,76.19,28.57,11.9,35.71,26.19,23.81,71.43,50.0,52.38,14.29,69.05,78.57,78.57,19.05,7.14,30.95,9.52,11.9,4.76,64.29,11.9,4.76,5
2,Arkansas,24,213,89,18.88,3.4,7.62,0.46,1.0,2.76,0.31,2.39,4.87,0.45,0.53,1.47,1.93,0.71,0.82,2.29,3.09,1.92,0.51,0.43,1.13,1.73,9.26,12.75,0.55,0.35,0.25,4.47,11.97,8.15,13.95,1.09,2.37,15.06,20.55,1.04,0.75,1.79,0.05,-1.4,-1.16,-2.56,0.46,29,28,26,26,11,10,7,11,13,20,12,8,36,9,14,13,24,13,29,22,16,30,11,14,18,11,15,8,30,17,15,33,31,14,40,6,7,4,14,30,19,32,14,41,31,14,30.95,33.33,38.1,38.1,73.81,76.19,83.33,73.81,69.05,52.38,71.43,80.95,14.29,78.57,66.67,69.05,42.86,69.05,30.95,47.62,61.9,28.57,73.81,66.67,57.14,73.81,64.29,80.95,28.57,59.52,64.29,21.43,26.19,66.67,4.76,85.71,83.33,90.48,66.67,28.57,54.76,23.81,66.67,2.38,26.19,66.67,5
3,California,27,368,180,21.67,3.64,8.24,0.44,1.08,3.13,0.3,2.56,5.11,0.5,0.5,1.88,2.39,0.72,0.81,3.09,3.89,2.36,0.78,0.41,1.36,1.79,10.22,13.75,0.54,0.38,0.27,4.5,15.57,10.03,14.42,1.75,1.65,13.15,19.53,1.54,1.21,2.76,0.08,-0.89,-0.01,-0.9,0.93,5,6,8,9,6,4,21,7,6,24,7,7,24,16,3,3,21,15,7,9,6,8,16,5,14,6,6,15,19,11,14,13,14,11,11,20,16,10,6,6,5,14,8,14,7,4,88.1,85.71,80.95,78.57,85.71,90.48,50.0,83.33,85.71,42.86,83.33,83.33,42.86,61.9,92.86,92.86,50.0,64.29,83.33,78.57,85.71,80.95,61.9,88.1,66.67,85.71,85.71,64.29,54.76,73.81,66.67,69.05,66.67,73.81,73.81,52.38,61.9,76.19,85.71,85.71,88.1,66.67,80.95,66.67,83.33,90.48,44
4,Colorado,25,152,75,19.57,2.83,6.03,0.47,0.8,2.03,0.44,2.1,4.03,0.48,0.55,1.6,2.03,0.78,0.43,2.4,2.83,2.63,0.6,0.6,1.03,1.63,8.13,15.7,0.6,0.35,0.4,2.83,14.1,8.47,16.77,1.57,2.4,12.9,17.33,1.7,1.07,2.77,0.13,0.53,0.97,1.5,0.97,24,32,28,22,22,28,5,22,30,2,20,26,31,4,6,10,10,36,23,30,4,22,4,20,26,22,3,4,29,3,37,22,28,6,20,5,18,28,5,13,3,2,2,5,1,3,42.86,23.81,33.33,47.62,47.62,33.33,88.1,47.62,28.57,95.24,52.38,38.1,26.19,90.48,85.71,76.19,76.19,14.29,45.24,28.57,90.48,47.62,90.48,52.38,38.1,47.62,92.86,90.48,30.95,92.86,11.9,47.62,33.33,85.71,52.38,88.1,57.14,33.33,88.1,69.05,92.86,95.24,95.24,88.1,97.62,92.86,1
5,Connecticut,23,119,63,18.09,2.49,6.56,0.35,0.5,2.08,0.24,1.98,4.49,0.43,0.39,0.86,1.05,0.86,0.21,2.11,2.31,2.98,1.26,0.32,1.65,2.14,6.28,8.04,0.43,0.36,0.16,0.89,12.25,6.51,21.91,3.61,1.61,19.85,21.3,-0.55,0.9,0.34,-0.03,-5.92,1.28,-4.68,-0.08,37,34,32,28,31,21,41,37,28,40,28,16,41,42,32,34,3,41,34,35,3,1,24,2,6,33,42,41,26,37,42,31,38,2,2,23,1,2,42,22,41,42,42,2,41,39,11.9,19.05,23.81,33.33,26.19,50.0,2.38,11.9,33.33,4.76,33.33,61.9,2.38,0.0,23.81,19.05,92.86,2.38,19.05,16.67,92.86,97.62,42.86,95.24,85.71,21.43,0.0,2.38,38.1,11.9,0.0,26.19,9.52,95.24,95.24,45.24,97.62,95.24,0.0,47.62,2.38,0.0,0.0,95.24,2.38,7.14,2
6,Delaware,23,93,24,19.1,2.7,6.15,0.43,1.05,3.4,0.3,1.65,2.75,0.62,0.51,0.65,0.85,0.74,0.8,2.8,3.6,1.7,0.9,0.25,1.05,1.55,7.05,11.6,0.53,0.58,0.13,4.4,13.45,9.15,11.65,2.05,1.2,13.45,16.2,0.5,1.9,2.45,0.1,-1.95,1.5,-0.45,0.65,38,38,36,24,28,25,30,9,5,22,30,37,4,14,36,38,18,16,12,13,21,2,32,19,30,28,25,20,2,41,18,29,23,27,4,33,13,35,33,1,9,5,25,1,4,5,9.52,9.52,14.29,42.86,33.33,40.48,28.57,78.57,88.1,47.62,28.57,11.9,90.48,66.67,14.29,9.52,57.14,61.9,71.43,69.05,50.0,95.24,23.81,54.76,28.57,33.33,40.48,52.38,95.24,2.38,57.14,30.95,45.24,35.71,90.48,21.43,69.05,16.67,21.43,97.62,78.57,88.1,40.48,97.62,90.48,88.1,1
7,District of Columbia,26,254,23,16.57,2.23,4.84,0.47,0.7,1.93,0.28,1.53,2.93,0.51,0.53,0.64,0.98,0.65,0.88,2.23,3.09,1.13,0.38,0.22,0.76,1.56,5.79,11.36,0.55,0.37,0.22,5.45,13.91,9.69,10.58,1.13,1.0,12.84,15.98,0.9,0.9,1.79,0.08,-1.73,-0.73,-2.48,0.05,9,18,37,33,35,37,6,30,33,31,35,35,13,8,37,36,35,10,32,21,33,40,35,34,29,36,28,9,22,25,7,24,17,31,39,36,19,37,20,23,21,18,21,33,29,36,78.57,57.14,11.9,21.43,16.67,11.9,85.71,28.57,21.43,26.19,16.67,16.67,69.05,80.95,11.9,14.29,16.67,76.19,23.81,50.0,21.43,4.76,16.67,19.05,30.95,14.29,33.33,78.57,47.62,40.48,83.33,42.86,59.52,26.19,7.14,14.29,54.76,11.9,52.38,45.24,50.0,57.14,50.0,21.43,30.95,14.29,4
8,Florida,26,251,88,15.22,2.22,5.16,0.41,0.72,2.12,0.29,1.51,3.04,0.46,0.47,0.82,1.13,0.72,0.64,1.9,2.54,1.11,0.48,0.32,0.7,1.43,5.97,10.93,0.5,0.37,0.23,5.46,14.68,10.06,10.4,1.44,1.64,10.76,18.5,0.58,0.51,1.09,0.04,-2.87,-1.09,-3.96,0.12,8,21,27,36,36,34,36,27,25,25,36,33,34,38,34,32,22,25,36,34,34,31,25,35,34,35,30,37,20,20,6,18,13,33,25,21,32,17,30,39,35,34,38,40,40,34,80.95,50.0,35.71,14.29,14.29,19.05,14.29,35.71,40.48,40.48,14.29,21.43,19.05,9.52,19.05,23.81,47.62,40.48,14.29,19.05,19.05,26.19,40.48,16.67,19.05,16.67,28.57,11.9,52.38,52.38,85.71,57.14,69.05,21.43,40.48,50.0,23.81,59.52,28.57,7.14,16.67,19.05,9.52,4.76,4.76,19.05,15
9,Georgia,25,322,194,23.29,3.91,8.5,0.44,0.96,2.75,0.29,2.95,5.76,0.49,0.49,1.74,2.36,0.7,1.11,3.44,4.54,1.7,0.69,0.42,1.24,1.95,10.52,12.68,0.53,0.34,0.28,4.64,14.54,9.57,11.17,1.31,1.42,10.61,20.11,1.3,1.37,2.67,0.06,-1.5,-0.96,-2.46,0.43,16,12,5,4,4,3,20,14,14,26,4,4,25,27,4,4,28,5,4,3,22,15,14,10,11,4,17,26,33,6,13,19,18,28,31,26,33,6,8,4,7,27,16,39,28,17,61.9,71.43,88.1,90.48,90.48,92.86,52.38,66.67,66.67,38.1,90.48,90.48,40.48,35.71,90.48,90.48,33.33,88.1,90.48,92.86,47.62,64.29,66.67,76.19,73.81,90.48,59.52,38.1,21.43,85.71,69.05,54.76,57.14,33.33,26.19,38.1,21.43,85.71,80.95,90.48,83.33,35.71,61.9,7.14,33.33,59.52,13
10,Illinois,25,216,96,16.87,2.77,6.03,0.43,0.73,2.11,0.29,2.03,3.91,0.5,0.49,0.98,1.28,0.64,0.69,2.36,3.06,1.51,0.6,0.37,0.89,1.53,7.22,13.02,0.52,0.36,0.19,5.0,14.95,10.01,12.0,1.62,1.55,12.38,18.1,0.75,0.82,1.57,0.08,-1.49,-0.19,-1.69,0.39,15,27,25,32,25,29,25,26,26,29,25,28,20,28,28,28,36,22,24,24,26,23,20,27,31,27,13,32,25,33,10,17,15,25,16,24,24,19,26,26,26,16,15,17,17,21,64.29,35.71,40.48,23.81,40.48,30.95,40.48,38.1,38.1,30.95,40.48,33.33,52.38,33.33,33.33,33.33,14.29,47.62,42.86,42.86,38.1,45.24,52.38,35.71,26.19,35.71,69.05,23.81,40.48,21.43,76.19,59.52,64.29,40.48,61.9,42.86,42.86,54.76,38.1,38.1,38.1,61.9,64.29,59.52,59.52,50.0,29
11,Indiana,27,409,246,22.43,3.4,7.52,0.45,0.94,2.68,0.28,2.46,4.84,0.54,0.5,1.41,1.81,0.71,0.75,2.26,3.01,2.23,0.69,0.31,1.2,1.71,9.13,11.96,0.53,0.34,0.24,3.77,11.97,7.85,14.07,1.39,1.23,12.53,18.07,1.25,0.89,2.14,0.06,-1.91,-0.65,-2.56,0.34,7,3,2,7,10,11,14,17,17,32,8,10,8,20,16,16,25,21,31,27,9,13,27,13,21,12,23,21,32,19,30,34,34,13,29,31,22,20,9,24,15,26,23,32,32,25,83.33,92.86,95.24,83.33,76.19,73.81,66.67,59.52,59.52,23.81,80.95,76.19,80.95,52.38,61.9,61.9,40.48,50.0,26.19,35.71,78.57,69.05,35.71,69.05,50.0,71.43,45.24,50.0,23.81,54.76,28.57,19.05,19.05,69.05,30.95,26.19,47.62,52.38,78.57,42.86,64.29,38.1,45.24,23.81,23.81,40.48,15
12,Iowa,26,403,374,20.89,3.42,7.94,0.4,1.19,3.1,0.35,2.21,4.83,0.45,0.47,1.58,1.89,0.89,0.61,2.41,3.02,0.88,0.39,0.11,0.64,0.96,9.58,10.43,0.52,0.43,0.2,3.91,10.42,7.07,4.34,1.14,0.37,4.28,18.64,0.88,0.64,1.54,0.03,-2.01,-1.64,-3.64,0.19,12,4,1,12,9,6,39,5,7,6,18,11,40,36,8,14,1,28,21,26,37,39,41,37,40,7,33,31,8,28,28,39,36,41,38,42,42,15,21,35,28,39,27,42,38,30,71.43,90.48,97.62,71.43,78.57,85.71,7.14,88.1,83.33,85.71,57.14,73.81,4.76,14.29,80.95,66.67,97.62,33.33,50.0,38.1,11.9,7.14,2.38,11.9,4.76,83.33,21.43,26.19,80.95,33.33,33.33,7.14,14.29,2.38,9.52,0.0,0.0,64.29,50.0,16.67,33.33,7.14,35.71,0.0,9.52,28.57,2
13,Kansas,24,105,4,9.8,0.95,1.92,0.54,0.38,1.0,0.42,0.55,0.92,0.63,0.63,0.18,0.35,0.35,0.37,1.4,1.77,0.3,0.23,0.2,0.3,0.88,2.42,10.42,0.63,0.47,0.14,4.08,18.53,11.3,4.03,1.15,2.63,13.92,10.42,0.18,0.52,0.73,0.08,-2.43,0.1,-2.33,-0.17,32,37,41,41,41,42,2,41,42,3,41,41,3,2,42,41,42,38,40,40,42,42,36,41,42,41,34,2,3,40,23,2,5,42,36,4,10,42,38,38,39,10,33,12,26,41,23.81,11.9,2.38,2.38,2.38,0.0,95.24,2.38,0.0,92.86,2.38,2.38,92.86,95.24,0.0,2.38,0.0,9.52,4.76,4.76,0.0,0.0,14.29,2.38,0.0,2.38,19.05,95.24,92.86,4.76,45.24,95.24,88.1,0.0,14.29,90.48,76.19,0.0,9.52,9.52,7.14,76.19,21.43,71.43,38.1,2.38,2
14,Kentucky,25,232,191,26.27,4.48,10.47,0.42,1.55,4.5,0.34,2.93,5.97,0.5,0.49,1.57,2.06,0.76,0.65,3.64,4.28,4.17,0.88,0.38,2.02,2.03,12.07,13.32,0.52,0.42,0.19,2.6,15.66,8.97,22.73,1.55,1.24,14.74,21.14,0.44,1.11,1.55,0.05,-0.75,-0.62,-1.36,0.4,20,24,6,1,2,1,32,2,2,10,5,3,21,24,9,9,14,24,2,6,1,3,19,1,7,2,8,28,10,34,38,11,25,1,21,30,8,3,36,11,27,33,5,31,12,20,52.38,42.86,85.71,97.62,95.24,97.62,23.81,95.24,95.24,76.19,88.1,92.86,50.0,42.86,78.57,78.57,66.67,42.86,95.24,85.71,97.62,92.86,54.76,97.62,83.33,95.24,80.95,33.33,76.19,19.05,9.52,73.81,40.48,97.62,50.0,28.57,80.95,92.86,14.29,73.81,35.71,21.43,88.1,26.19,71.43,52.38,4
15,Louisiana,26,330,165,19.89,3.05,6.92,0.43,0.71,2.14,0.27,2.34,4.78,0.46,0.48,1.45,1.95,0.71,0.75,2.3,3.05,2.16,0.8,0.42,1.3,1.73,8.26,10.81,0.53,0.3,0.31,4.18,11.55,7.86,13.46,1.77,1.97,15.99,20.19,0.84,1.08,1.91,0.02,-2.91,-0.87,-3.78,0.41,14,11,10,20,19,19,27,29,24,34,15,12,33,34,15,12,27,18,28,25,10,7,15,8,20,20,32,25,40,4,20,36,33,16,10,11,4,5,23,12,17,40,39,36,39,19,66.67,73.81,76.19,52.38,54.76,54.76,35.71,30.95,42.86,19.05,64.29,71.43,21.43,19.05,64.29,71.43,35.71,57.14,33.33,40.48,76.19,83.33,64.29,80.95,52.38,52.38,23.81,40.48,4.76,90.48,52.38,14.29,21.43,61.9,76.19,73.81,90.48,88.1,45.24,71.43,59.52,4.76,7.14,14.29,7.14,54.76,14
16,Maine,25,88,69,20.2,2.8,6.25,0.43,2.2,5.3,0.37,0.6,0.9,0.69,0.58,0.6,0.7,0.8,0.1,2.05,2.25,0.85,0.4,0.15,0.65,1.65,8.4,10.35,0.6,0.82,0.12,0.9,11.1,6.15,5.75,1.15,0.45,8.25,15.0,1.85,0.9,2.75,0.08,-0.95,-0.5,-1.45,0.6,24,40,30,17,23,24,28,1,1,5,40,42,1,3,38,39,5,42,35,38,39,37,40,36,25,19,35,3,1,42,41,37,41,38,36,41,39,39,4,22,6,11,9,29,13,8,42.86,4.76,28.57,59.52,45.24,42.86,33.33,97.62,97.62,88.1,4.76,0.0,97.62,92.86,9.52,7.14,88.1,0.0,16.67,9.52,7.14,11.9,4.76,14.29,40.48,54.76,16.67,92.86,97.62,0.0,2.38,11.9,2.38,9.52,14.29,2.38,7.14,7.14,90.48,47.62,85.71,73.81,78.57,30.95,69.05,80.95,1
17,Maryland,27,275,132,20.52,3.02,7.09,0.39,0.98,2.87,0.31,2.03,4.23,0.45,0.47,1.16,1.53,0.69,0.6,2.57,3.17,1.88,0.68,0.26,1.02,1.65,8.2,9.96,0.49,0.45,0.19,2.98,13.54,8.28,12.66,1.45,0.97,13.4,17.28,0.73,0.94,1.67,0.04,-2.44,-0.21,-2.65,0.32,7,14,18,14,20,15,40,12,10,18,23,21,39,39,24,25,30,29,17,20,17,16,29,21,23,21,38,38,4,31,35,27,29,18,24,37,14,29,27,19,23,36,34,22,33,26,83.33,66.67,57.14,66.67,52.38,64.29,4.76,71.43,76.19,57.14,45.24,50.0,7.14,7.14,42.86,40.48,28.57,30.95,59.52,52.38,59.52,61.9,30.95,50.0,45.24,50.0,9.52,9.52,90.48,26.19,16.67,35.71,30.95,57.14,42.86,11.9,66.67,30.95,35.71,54.76,45.24,14.29,19.05,47.62,21.43,38.1,14
18,Massachusetts,25,337,97,16.45,2.14,4.87,0.44,0.55,1.69,0.28,1.6,3.18,0.5,0.49,0.92,1.27,0.73,0.75,2.46,3.21,1.51,0.62,0.42,0.87,1.49,5.76,11.91,0.52,0.35,0.25,5.06,16.37,10.71,12.41,1.77,1.95,13.53,16.69,0.39,0.96,1.35,0.07,-1.93,0.42,-1.5,0.2,24,10,24,34,37,36,24,36,38,30,31,31,23,29,30,29,19,19,19,18,27,19,13,28,32,37,24,30,28,18,9,7,9,21,9,12,12,33,37,17,32,23,24,9,15,29,42.86,76.19,42.86,19.05,11.9,14.29,42.86,14.29,9.52,28.57,26.19,26.19,45.24,30.95,28.57,30.95,54.76,54.76,54.76,57.14,35.71,54.76,69.05,33.33,23.81,11.9,42.86,28.57,33.33,57.14,78.57,83.33,78.57,50.0,78.57,71.43,71.43,21.43,11.9,59.52,23.81,45.24,42.86,78.57,64.29,30.95,9
19,Michigan,25,221,128,19.89,3.19,7.09,0.46,0.95,2.75,0.29,2.24,4.33,0.51,0.52,1.17,1.51,0.69,0.62,2.72,3.35,2.11,0.59,0.39,1.12,1.7,8.49,13.13,0.54,0.39,0.18,3.45,15.55,9.53,13.37,1.47,1.74,11.83,17.85,1.1,1.13,2.23,0.09,-1.58,0.32,-1.25,0.49,18,26,19,19,16,16,10,16,15,28,17,19,11,10,23,26,29,26,13,16,12,24,18,15,22,16,11,12,17,36,33,14,19,17,22,16,27,21,12,9,13,9,18,10,11,13,57.14,38.1,54.76,54.76,61.9,61.9,76.19,61.9,64.29,33.33,59.52,54.76,73.81,76.19,45.24,38.1,30.95,38.1,69.05,61.9,71.43,42.86,57.14,64.29,47.62,61.9,73.81,71.43,59.52,14.29,21.43,66.67,54.76,59.52,47.62,61.9,35.71,50.0,71.43,78.57,69.05,78.57,57.14,76.19,73.81,69.05,12
20,Minnesota,24,236,28,12.29,1.57,3.81,0.4,0.5,1.76,0.25,1.04,2.05,0.52,0.46,0.48,0.64,0.54,0.3,1.34,1.64,1.47,0.4,0.19,0.45,0.93,4.12,9.26,0.48,0.44,0.15,2.17,10.18,6.19,14.23,1.28,1.03,8.81,14.61,0.59,0.48,1.05,0.04,-2.6,-0.34,-2.96,0.19,30,23,35,40,40,40,38,38,37,37,39,39,9,40,39,40,39,39,41,41,29,38,38,40,41,40,39,40,7,38,40,41,40,12,34,35,38,40,29,40,36,35,36,26,35,31,28.57,45.24,16.67,4.76,4.76,4.76,9.52,9.52,11.9,11.9,7.14,7.14,78.57,4.76,7.14,4.76,7.14,7.14,2.38,2.38,30.95,9.52,9.52,4.76,2.38,4.76,7.14,4.76,83.33,9.52,4.76,2.38,4.76,71.43,19.05,16.67,9.52,4.76,30.95,4.76,14.29,16.67,14.29,38.1,16.67,26.19,4
21,Mississippi,23,269,148,14.84,2.31,5.06,0.45,0.75,2.06,0.49,1.55,3.03,0.49,0.5,0.81,0.99,0.76,0.49,1.8,2.29,1.19,0.43,0.25,0.8,1.36,6.13,11.56,0.53,0.31,0.22,3.96,14.52,9.25,12.34,1.41,1.85,15.98,16.94,0.62,0.74,1.38,0.06,-2.07,-0.21,-2.3,0.26,37,16,15,38,34,35,15,24,29,1,33,34,26,15,35,35,13,34,37,37,31,35,32,33,36,34,26,17,37,26,26,20,21,23,28,14,5,32,28,31,31,25,28,19,24,28,11.9,61.9,64.29,9.52,19.05,16.67,64.29,42.86,30.95,97.62,21.43,19.05,38.1,64.29,16.67,16.67,69.05,19.05,11.9,11.9,26.19,16.67,23.81,21.43,14.29,19.05,38.1,59.52,11.9,38.1,38.1,52.38,50.0,45.24,33.33,66.67,88.1,23.81,33.33,26.19,26.19,40.48,33.33,54.76,42.86,33.33,4
22,Missouri,24,363,157,19.73,3.24,7.16,0.46,1.15,2.99,0.34,2.09,4.19,0.51,0.54,1.36,1.68,0.8,0.62,2.47,3.07,1.5,0.72,0.29,0.97,1.57,9.01,13.61,0.58,0.41,0.26,4.35,14.03,9.18,9.99,1.8,1.21,12.82,17.57,1.25,0.96,2.2,0.09,-0.63,-0.22,-0.87,0.61,27,7,13,21,15,14,8,6,9,9,21,24,12,7,17,19,6,27,18,23,28,10,28,23,27,14,7,5,12,14,19,23,22,35,7,32,20,25,10,16,14,6,4,23,6,7,35.71,83.33,69.05,50.0,64.29,66.67,80.95,85.71,78.57,78.57,50.0,42.86,71.43,83.33,59.52,54.76,85.71,35.71,57.14,45.24,33.33,76.19,33.33,45.24,35.71,66.67,83.33,88.1,71.43,66.67,54.76,45.24,47.62,16.67,83.33,23.81,52.38,40.48,76.19,61.9,66.67,85.71,90.48,45.24,85.71,83.33,12
23,Nebraska,22,21,0,6.41,0.77,2.25,0.35,0.28,1.02,0.22,0.51,1.24,0.32,0.41,0.2,0.34,0.53,0.22,0.5,0.72,0.41,0.46,0.05,0.22,1.06,2.02,8.16,0.43,0.45,0.15,3.52,8.57,6.06,8.39,3.88,0.55,7.51,18.17,-0.09,0.05,0.0,0.02,-5.14,0.43,-4.71,-0.08,39,42,42,42,42,41,42,42,41,41,42,40,42,41,41,42,40,40,42,42,41,33,42,42,39,42,41,42,6,39,32,42,42,37,1,40,40,18,40,42,42,41,41,8,42,39,7.14,0.0,0.0,0.0,0.0,2.38,0.0,0.0,2.38,2.38,0.0,4.76,0.0,2.38,2.38,0.0,4.76,4.76,0.0,0.0,2.38,21.43,0.0,0.0,7.14,0.0,2.38,0.0,85.71,7.14,23.81,0.0,0.0,11.9,97.62,4.76,4.76,57.14,4.76,0.0,0.0,2.38,2.38,80.95,0.0,7.14,2
24,Nevada,21,137,22,19.92,2.66,6.01,0.44,0.59,1.81,0.33,2.02,4.2,0.48,0.49,0.9,1.21,0.72,1.18,3.21,4.4,1.56,0.58,0.37,0.96,2.02,6.8,11.35,0.52,0.31,0.2,6.17,17.45,11.73,10.82,1.32,1.52,13.02,15.99,0.52,0.88,1.38,0.06,-1.91,-0.5,-2.43,-0.02,42,33,38,18,29,31,22,34,35,12,26,22,30,31,31,31,20,3,5,4,25,25,21,24,8,31,29,34,39,27,3,5,2,30,30,25,17,36,32,25,30,29,22,29,27,37,0.0,21.43,9.52,57.14,30.95,26.19,47.62,19.05,16.67,71.43,38.1,47.62,28.57,26.19,26.19,26.19,52.38,92.86,88.1,90.48,40.48,40.48,50.0,42.86,80.95,26.19,30.95,19.05,7.14,35.71,92.86,88.1,95.24,28.57,28.57,40.48,59.52,14.29,23.81,40.48,28.57,30.95,47.62,30.95,35.71,11.9,2
25,New Jersey,23,176,124,21.91,3.88,8.13,0.46,0.94,2.6,0.32,2.96,5.54,0.5,0.52,1.62,2.2,0.65,1.11,3.63,4.74,1.97,0.7,0.68,1.24,2.28,10.34,14.44,0.54,0.33,0.25,4.91,17.5,11.19,13.68,1.58,2.32,11.8,19.7,1.95,1.56,3.52,0.09,-0.88,0.31,-0.58,1.06,33,31,20,8,5,5,9,18,19,16,3,5,18,12,5,5,34,4,3,2,14,12,3,9,3,5,4,13,34,16,11,4,6,15,19,8,28,9,3,2,2,7,6,11,5,2,21.43,26.19,52.38,80.95,88.1,88.1,78.57,57.14,54.76,61.9,92.86,88.1,57.14,71.43,88.1,88.1,19.05,90.48,92.86,95.24,66.67,71.43,92.86,78.57,92.86,88.1,90.48,69.05,19.05,61.9,73.81,90.48,85.71,64.29,54.76,80.95,33.33,78.57,92.86,95.24,95.24,83.33,85.71,73.81,88.1,95.24,8
26,New Mexico,28,195,188,22.83,1.98,4.53,0.44,0.43,1.68,0.25,1.6,2.8,0.54,0.49,0.38,0.88,0.46,1.3,3.02,4.32,0.88,0.82,0.72,0.55,2.17,4.82,9.02,0.49,0.37,0.19,6.88,15.62,11.3,5.22,1.6,2.7,10.07,10.98,0.9,1.52,2.45,0.07,-2.58,1.1,-1.48,0.5,3,30,7,6,39,39,17,39,39,38,32,36,7,30,40,37,41,2,8,5,38,5,2,39,5,39,40,39,21,35,2,12,5,39,17,3,35,41,19,3,8,22,35,4,14,10,92.86,28.57,83.33,85.71,7.14,7.14,59.52,7.14,7.14,9.52,23.81,14.29,83.33,28.57,4.76,11.9,2.38,95.24,80.95,88.1,9.52,88.1,95.24,7.14,88.1,7.14,4.76,7.14,50.0,16.67,95.24,71.43,88.1,7.14,59.52,92.86,16.67,2.38,54.76,92.86,80.95,47.62,16.67,90.48,66.67,76.19,1
27,New York,25,253,201,19.04,3.16,7.0,0.44,0.75,2.26,0.26,2.41,4.74,0.51,0.48,1.32,1.79,0.74,0.94,2.88,3.82,1.56,0.6,0.48,1.06,1.73,8.4,13.16,0.52,0.33,0.29,5.44,16.15,10.8,12.41,1.46,2.34,12.16,18.96,0.97,1.12,2.09,0.08,-1.73,-0.01,-1.73,0.54,19,19,4,25,17,18,23,25,23,35,11,13,16,33,19,17,16,7,11,10,24,21,7,17,16,18,10,29,35,5,8,9,8,22,23,7,26,14,15,10,16,15,20,13,20,9,54.76,54.76,90.48,40.48,59.52,57.14,45.24,40.48,45.24,16.67,73.81,69.05,61.9,21.43,54.76,59.52,61.9,83.33,73.81,76.19,42.86,50.0,83.33,59.52,61.9,57.14,76.19,30.95,16.67,88.1,80.95,78.57,80.95,47.62,45.24,83.33,38.1,66.67,64.29,76.19,61.9,64.29,52.38,69.05,52.38,78.57,25
28,North Carolina,24,229,106,20.47,3.57,7.74,0.44,0.82,2.36,0.31,2.75,5.38,0.51,0.5,1.5,2.07,0.74,0.81,2.66,3.46,2.27,0.71,0.43,1.32,1.8,9.44,13.29,0.53,0.35,0.25,4.07,13.74,8.86,15.79,1.58,1.8,13.37,19.79,0.86,0.94,1.8,0.06,-1.35,-0.28,-1.64,0.39,26,25,22,15,7,8,18,21,22,19,6,6,15,21,13,8,17,14,16,15,8,11,10,7,13,9,9,22,27,15,25,26,26,8,18,15,15,8,22,18,18,24,13,24,16,22,38.1,40.48,47.62,64.29,83.33,80.95,57.14,50.0,47.62,54.76,85.71,85.71,64.29,50.0,69.05,80.95,59.52,66.67,61.9,64.29,80.95,73.81,76.19,83.33,69.05,78.57,78.57,47.62,35.71,64.29,40.48,38.1,38.1,80.95,57.14,64.29,64.29,80.95,47.62,57.14,57.14,42.86,69.05,42.86,61.9,47.62,25
29,North Dakota,27,933,138,23.07,3.28,7.64,0.43,1.29,3.42,0.37,2.02,4.24,0.48,0.52,1.28,1.56,0.81,0.52,2.15,2.66,1.79,0.47,0.25,0.82,1.56,9.12,11.5,0.55,0.45,0.2,2.37,10.18,6.24,11.0,0.94,0.87,8.93,17.08,0.93,0.7,1.64,0.08,-0.89,-0.83,-1.71,0.12,4,1,16,5,14,9,26,4,4,4,27,20,32,13,21,23,4,33,33,33,19,32,32,31,28,13,27,11,5,29,39,40,39,29,41,39,37,31,17,33,24,17,7,34,18,35,90.48,97.62,61.9,88.1,66.67,78.57,38.1,90.48,90.48,90.48,35.71,52.38,23.81,69.05,50.0,45.24,90.48,21.43,21.43,21.43,54.76,23.81,23.81,26.19,33.33,69.05,35.71,73.81,88.1,30.95,7.14,4.76,7.14,30.95,2.38,7.14,11.9,26.19,59.52,21.43,42.86,59.52,83.33,19.05,57.14,16.67,2
30,Ohio,26,340,165,24.25,4.82,10.44,0.45,1.49,3.97,0.34,3.33,6.46,0.5,0.52,1.96,2.53,0.76,0.87,3.17,4.03,3.06,0.86,0.36,1.51,1.73,13.12,16.07,0.55,0.37,0.23,4.16,13.88,9.02,18.16,1.63,1.29,11.07,21.81,2.48,1.31,3.79,0.1,0.87,-0.37,0.5,1.51,13,9,11,2,1,2,13,3,3,8,2,1,19,11,2,2,12,11,6,7,2,4,22,4,19,1,2,10,24,21,22,25,24,3,15,28,30,1,1,5,1,4,1,27,2,1,69.05,78.57,73.81,95.24,97.62,95.24,69.05,92.86,92.86,80.95,95.24,97.62,54.76,73.81,95.24,95.24,71.43,73.81,85.71,83.33,95.24,90.48,47.62,90.48,54.76,97.62,95.24,76.19,42.86,50.0,47.62,40.48,42.86,92.86,64.29,33.33,28.57,97.62,97.62,88.1,97.62,90.48,97.62,35.71,95.24,97.62,11
31,Oklahoma,23,196,157,21.41,3.38,7.35,0.48,0.95,2.77,0.32,2.44,4.61,0.56,0.55,1.59,2.13,0.76,0.75,2.44,3.19,2.02,0.56,0.43,1.06,2.2,9.31,13.05,0.57,0.4,0.28,3.93,11.94,7.91,12.23,1.3,1.7,10.05,17.11,1.34,1.04,2.37,0.1,-1.09,-0.14,-1.23,0.44,37,29,14,10,13,13,3,15,12,14,9,14,5,5,7,6,11,20,20,19,13,27,12,18,4,10,12,6,15,7,27,35,32,24,32,19,36,30,7,14,10,3,11,16,10,16,11.9,30.95,66.67,76.19,69.05,69.05,92.86,64.29,71.43,66.67,78.57,66.67,88.1,88.1,83.33,85.71,73.81,52.38,52.38,54.76,69.05,35.71,71.43,57.14,90.48,76.19,71.43,85.71,64.29,83.33,35.71,16.67,23.81,42.86,23.81,54.76,14.29,28.57,83.33,66.67,76.19,92.86,73.81,61.9,76.19,61.9,6
32,Oregon,24,371,100,17.72,2.78,5.93,0.45,0.6,1.77,0.29,2.17,4.16,0.5,0.5,1.15,1.63,0.78,0.83,2.72,3.53,1.17,0.55,0.53,0.95,1.89,7.3,12.41,0.53,0.3,0.28,5.56,15.4,10.48,10.5,1.73,2.71,13.64,17.57,1.05,1.2,2.25,0.08,-2.4,0.68,-1.72,0.46,29,5,23,31,24,32,12,33,36,27,19,25,22,18,25,21,9,12,14,14,32,28,6,25,12,26,19,19,41,10,5,16,11,32,12,2,11,24,13,8,12,13,32,6,19,15,30.95,88.1,45.24,26.19,42.86,23.81,71.43,21.43,14.29,35.71,54.76,40.48,47.62,57.14,40.48,50.0,78.57,71.43,66.67,66.67,23.81,33.33,85.71,40.48,71.43,38.1,54.76,54.76,2.38,76.19,88.1,61.9,73.81,23.81,71.43,95.24,73.81,42.86,69.05,80.95,71.43,69.05,23.81,85.71,54.76,64.29,5
33,Pennsylvania,25,253,132,19.25,2.75,6.44,0.43,1.01,2.81,0.32,1.73,3.62,0.49,0.49,1.21,1.54,0.78,0.59,2.31,2.9,1.74,0.69,0.31,0.99,1.65,7.72,12.16,0.53,0.4,0.28,4.08,13.53,8.79,11.68,1.69,1.73,11.63,17.59,0.83,0.91,1.73,0.07,-1.52,-0.2,-1.73,0.28,17,20,17,23,26,23,31,10,11,15,29,29,29,25,22,24,8,30,27,29,20,14,26,22,24,25,20,16,16,8,24,28,27,26,14,18,29,23,24,20,22,20,17,18,21,27,59.52,52.38,59.52,45.24,38.1,45.24,26.19,76.19,73.81,64.29,30.95,30.95,30.95,40.48,47.62,42.86,80.95,28.57,35.71,30.95,52.38,66.67,38.1,47.62,42.86,40.48,52.38,61.9,61.9,80.95,42.86,33.33,35.71,38.1,66.67,57.14,30.95,45.24,42.86,52.38,47.62,52.38,59.52,57.14,50.0,35.71,19
34,South Carolina,24,109,67,18.01,3.0,6.49,0.45,0.67,1.96,0.3,2.34,4.52,0.52,0.5,1.33,1.77,0.65,0.66,2.32,2.96,2.36,0.53,0.35,1.23,1.41,8.01,12.11,0.53,0.31,0.27,4.44,15.5,10.06,15.81,1.3,2.03,15.16,19.23,0.96,0.82,1.79,0.05,-2.25,-0.3,-2.54,0.38,32,36,31,30,21,22,11,32,32,23,14,15,10,17,18,18,33,23,26,28,7,29,23,12,35,23,22,24,38,13,16,15,12,7,33,10,6,11,16,28,20,31,31,25,30,23,23.81,14.29,26.19,28.57,50.0,47.62,73.81,23.81,23.81,45.24,66.67,64.29,76.19,59.52,57.14,57.14,21.43,45.24,38.1,33.33,83.33,30.95,45.24,71.43,16.67,45.24,47.62,42.86,9.52,69.05,61.9,64.29,71.43,83.33,21.43,76.19,85.71,73.81,61.9,33.33,52.38,26.19,26.19,40.48,28.57,45.24,7
35,Tennessee,26,320,70,15.21,2.4,5.57,0.42,0.92,2.45,0.32,1.51,3.13,0.45,0.49,1.32,1.61,0.72,0.41,1.46,1.86,1.58,0.57,0.19,0.82,1.44,7.02,12.15,0.53,0.42,0.27,3.03,10.75,6.84,15.48,1.89,1.27,12.53,18.58,0.91,0.39,1.3,0.07,-1.99,-0.21,-2.21,0.34,10,13,29,37,33,33,34,19,20,17,37,32,38,26,20,22,23,37,39,39,23,26,37,30,33,29,21,23,11,12,34,38,37,9,5,29,23,16,18,41,33,21,26,20,23,24,76.19,69.05,30.95,11.9,21.43,21.43,19.05,54.76,52.38,59.52,11.9,23.81,9.52,38.1,52.38,47.62,45.24,11.9,7.14,7.14,45.24,38.1,11.9,28.57,21.43,30.95,50.0,45.24,73.81,71.43,19.05,9.52,11.9,78.57,88.1,30.95,45.24,61.9,57.14,2.38,21.43,50.0,38.1,52.38,45.24,42.86,10
36,Texas,24,267,157,20.39,3.05,6.88,0.42,0.78,2.4,0.27,2.26,4.48,0.49,0.47,1.53,2.03,0.68,0.93,2.99,3.92,1.93,0.67,0.46,1.09,1.73,8.41,12.93,0.51,0.37,0.28,4.43,18.2,11.36,12.51,2.08,1.74,12.25,17.4,1.12,1.2,2.33,0.08,-1.7,0.57,-1.12,0.49,25,17,13,16,18,20,33,23,21,33,16,17,27,35,11,11,31,9,10,8,15,17,9,16,17,17,14,35,23,9,17,3,3,19,3,17,25,27,11,7,11,12,19,7,9,12,40.48,59.52,69.05,61.9,57.14,52.38,21.43,45.24,50.0,21.43,61.9,59.52,35.71,16.67,73.81,73.81,26.19,78.57,76.19,80.95,64.29,59.52,78.57,61.9,59.52,59.52,66.67,16.67,45.24,78.57,59.52,92.86,92.86,54.76,92.86,59.52,40.48,35.71,73.81,83.33,73.81,71.43,54.76,83.33,78.57,71.43,28
37,Utah,23,88,63,24.05,4.4,7.47,0.62,0.42,1.13,0.18,3.98,6.32,0.64,0.64,2.33,2.77,0.88,2.47,5.57,8.03,0.8,0.3,0.55,0.87,4.1,11.6,17.55,0.7,0.09,0.48,11.18,26.68,18.75,4.58,0.5,1.62,5.93,15.17,2.08,0.7,2.77,0.19,-0.08,-0.88,-0.97,0.63,37,39,33,3,3,12,1,40,40,42,1,2,2,1,1,1,2,1,1,1,40,41,5,29,1,3,1,1,42,1,1,1,1,40,42,22,41,38,2,34,4,1,3,37,8,6,11.9,7.14,21.43,92.86,92.86,71.43,97.62,4.76,4.76,0.0,97.62,95.24,95.24,97.62,97.62,97.62,95.24,97.62,97.62,97.62,4.76,2.38,88.1,30.95,97.62,92.86,97.62,97.62,0.0,97.62,97.62,97.62,97.62,4.76,0.0,47.62,2.38,9.52,95.24,19.05,90.48,97.62,92.86,11.9,80.95,85.71,2
38,Virginia,25,237,35,14.15,2.0,4.65,0.41,0.69,1.99,0.33,1.32,2.68,0.45,0.48,0.85,1.11,0.67,0.53,1.79,2.3,1.1,0.43,0.18,0.62,1.26,5.51,10.91,0.52,0.42,0.23,3.73,12.64,8.17,12.48,1.42,1.08,10.92,17.44,0.45,0.59,1.05,0.06,-2.09,-0.84,-2.92,0.14,21,22,34,39,38,38,35,31,31,11,38,38,35,32,33,33,32,32,38,36,35,34,39,38,38,38,31,33,9,24,31,30,30,20,26,34,31,26,35,37,37,30,29,35,34,33,50.0,47.62,19.05,7.14,9.52,9.52,16.67,26.19,26.19,73.81,9.52,9.52,16.67,23.81,21.43,21.43,23.81,23.81,9.52,14.29,16.67,19.05,7.14,9.52,9.52,9.52,26.19,21.43,78.57,42.86,26.19,28.57,28.57,52.38,38.1,19.05,26.19,38.1,16.67,11.9,11.9,28.57,30.95,16.67,19.05,21.43,11
39,Washington,26,273,166,20.95,3.43,7.92,0.43,1.07,3.08,0.33,2.36,4.84,0.51,0.5,1.54,1.87,0.79,0.53,2.28,2.81,2.14,0.62,0.23,1.33,1.78,9.45,12.48,0.53,0.41,0.23,2.86,12.08,7.41,16.86,1.41,0.95,12.59,20.07,0.58,0.71,1.3,0.06,-1.33,-0.6,-1.95,0.16,12,15,9,11,8,7,29,8,8,13,13,9,14,22,10,15,7,31,30,31,11,20,34,6,15,8,18,18,13,22,36,32,35,5,27,38,21,7,31,32,34,28,12,30,22,32,71.43,64.29,78.57,73.81,80.95,83.33,30.95,80.95,80.95,69.05,69.05,78.57,66.67,47.62,76.19,64.29,83.33,26.19,28.57,26.19,73.81,52.38,19.05,85.71,64.29,80.95,57.14,57.14,69.05,47.62,14.29,23.81,16.67,88.1,35.71,9.52,50.0,83.33,26.19,23.81,19.05,33.33,71.43,28.57,47.62,23.81,12
40,Wisconsin,22,116,12,16.26,2.44,6.12,0.41,0.91,2.65,0.31,1.54,3.46,0.45,0.47,0.97,1.21,0.75,0.45,2.34,2.79,1.26,0.4,0.24,0.82,1.3,6.74,10.34,0.5,0.38,0.19,4.17,17.05,10.56,10.05,1.14,1.38,10.54,18.97,-0.13,0.6,0.49,0.04,-2.6,-0.94,-3.54,-0.29,40,35,40,35,32,26,37,20,18,21,34,30,37,37,29,30,15,35,25,32,30,36,33,32,37,32,36,36,18,30,21,6,10,34,37,27,34,13,41,36,40,38,37,38,36,42,4.76,16.67,4.76,16.67,23.81,38.1,11.9,52.38,57.14,50.0,19.05,28.57,11.9,11.9,30.95,28.57,64.29,16.67,40.48,23.81,28.57,14.29,21.43,23.81,11.9,23.81,14.29,14.29,57.14,28.57,50.0,85.71,76.19,19.05,11.9,35.71,19.05,69.05,2.38,14.29,4.76,9.52,11.9,9.52,14.29,0.0,5
41,Wyoming,32,453,117,20.65,3.38,7.03,0.47,0.96,2.74,0.35,2.43,4.33,0.56,0.55,1.08,1.66,0.64,0.75,3.01,3.78,2.54,0.82,0.94,1.58,2.45,8.82,14.35,0.56,0.4,0.23,3.89,15.93,9.93,17.96,1.78,4.01,16.49,19.09,0.48,1.02,1.52,0.09,-1.05,1.16,0.12,0.49,1,2,21,13,12,17,4,13,16,7,10,18,6,6,26,20,37,17,9,11,5,6,1,3,2,15,5,7,14,23,29,10,16,4,8,1,2,12,34,15,29,8,10,3,3,11,97.62,95.24,50.0,69.05,71.43,59.52,90.48,69.05,61.9,83.33,76.19,57.14,85.71,85.71,38.1,52.38,11.9,59.52,78.57,73.81,88.1,85.71,97.62,92.86,95.24,64.29,88.1,83.33,66.67,45.24,30.95,76.19,61.9,90.48,80.95,97.62,95.24,71.43,19.05,64.29,30.95,80.95,76.19,92.86,92.86,73.81,1
